{"cameraMode":{"drawMode":0,"name":"Shaded","section":"Shading Mode"},"sceneLighting":false,"audioPlay":false,"sceneViewState":{"showFog":true,"showMaterialUpdate":false,"showSkybox":false,"showFlares":true,"showImageEffects":true,"showParticleSystems":true,"showVisualEffectGraphs":true,"m_FxEnabled":true},"in2DMode":false,"pivot":{"x":-0.9519962072372437,"y":1.797446370124817,"z":-3.0561883449554445},"rotation":{"x":0.019933165982365609,"y":-0.9798130393028259,"z":0.13792376220226289,"w":0.14357224106788636},"size":2.7364449501037599,"orthographic":false}