{"cameraMode":{"drawMode":0,"name":"Shaded","section":"Shading Mode"},"sceneLighting":false,"audioPlay":false,"sceneViewState":{"showFog":true,"showMaterialUpdate":false,"showSkybox":false,"showFlares":true,"showImageEffects":true,"showParticleSystems":true,"showVisualEffectGraphs":true,"m_FxEnabled":true},"in2DMode":false,"pivot":{"x":1.0875718593597413,"y":0.8334079384803772,"z":0.23404459655284882},"rotation":{"x":0.03645370900630951,"y":-0.6509621739387512,"z":0.03167102113366127,"w":0.7576146721839905},"size":0.48342379927635195,"orthographic":false}