{"cameraMode":{"drawMode":0,"name":"Shaded","section":"Shading Mode"},"sceneLighting":false,"audioPlay":false,"sceneViewState":{"showFog":true,"showMaterialUpdate":false,"showSkybox":false,"showFlares":true,"showImageEffects":true,"showParticleSystems":true,"showVisualEffectGraphs":true,"m_FxEnabled":true},"in2DMode":false,"pivot":{"x":0.02023499459028244,"y":0.38011905550956728,"z":0.0420604944229126},"rotation":{"x":0.42319968342781069,"y":-0.06803426891565323,"z":0.03220629319548607,"w":0.9029465317726135},"size":1.6806730031967164,"orthographic":false}