{"cameraMode":{"drawMode":0,"name":"Shaded","section":"Shading Mode"},"sceneLighting":false,"audioPlay":false,"sceneViewState":{"showFog":true,"showMaterialUpdate":false,"showSkybox":false,"showFlares":true,"showImageEffects":true,"showParticleSystems":true,"showVisualEffectGraphs":true,"m_FxEnabled":true},"in2DMode":false,"pivot":{"x":-0.0051250457763671879,"y":0.014941215515136719,"z":0.002755403518676758},"rotation":{"x":0.42319968342781069,"y":-0.06803426891565323,"z":0.03220629319548607,"w":0.9029465317726135},"size":1.9059128761291505,"orthographic":false}