{"cameraMode":{"drawMode":0,"name":"Shaded","section":"Shading Mode"},"sceneLighting":false,"audioPlay":false,"sceneViewState":{"showFog":true,"showMaterialUpdate":false,"showSkybox":false,"showFlares":true,"showImageEffects":true,"showParticleSystems":true,"showVisualEffectGraphs":true,"m_FxEnabled":true},"in2DMode":false,"pivot":{"x":8.293341636657715,"y":9.532488822937012,"z":0.3165333867073059},"rotation":{"x":-0.005272781476378441,"y":0.9941504597663879,"z":-0.08853637427091599,"w":-0.06210549548268318},"size":1.7853572368621827,"orthographic":false}