{"cameraMode":{"drawMode":0,"name":"Shaded","section":"Shading Mode"},"sceneLighting":false,"audioPlay":false,"sceneViewState":{"showFog":true,"showMaterialUpdate":false,"showSkybox":false,"showFlares":true,"showImageEffects":true,"showParticleSystems":true,"showVisualEffectGraphs":true,"m_FxEnabled":true},"in2DMode":false,"pivot":{"x":0.21656987071037293,"y":0.22629933059215547,"z":0.07131914794445038},"rotation":{"x":0.05622924864292145,"y":-0.716961681842804,"z":0.05860857665538788,"w":0.6924089789390564},"size":0.5663934946060181,"orthographic":false}