{"cameraMode":{"drawMode":0,"name":"Shaded","section":"Shading Mode"},"sceneLighting":false,"audioPlay":false,"sceneViewState":{"showFog":true,"showMaterialUpdate":false,"showSkybox":false,"showFlares":true,"showImageEffects":true,"showParticleSystems":true,"showVisualEffectGraphs":true,"m_FxEnabled":true},"in2DMode":false,"pivot":{"x":4.671019554138184,"y":11.945435523986817,"z":-3.9939942359924318},"rotation":{"x":-0.005272781476378441,"y":0.9941504597663879,"z":-0.08853637427091599,"w":-0.06210549548268318},"size":2.0180437564849855,"orthographic":false}