{"cameraMode":{"drawMode":0,"name":"Shaded","section":"Shading Mode"},"sceneLighting":false,"audioPlay":false,"sceneViewState":{"showFog":true,"showMaterialUpdate":false,"showSkybox":false,"showFlares":true,"showImageEffects":true,"showParticleSystems":true,"showVisualEffectGraphs":true,"m_FxEnabled":true},"in2DMode":false,"pivot":{"x":0.0015399456024169922,"y":-0.000001000240445137024,"z":-0.013362526893615723},"rotation":{"x":0.42319968342781069,"y":-0.06803426891565323,"z":0.03220629319548607,"w":0.9029465317726135},"size":1.1975512504577637,"orthographic":false}