{"cameraMode":{"drawMode":0,"name":"Shaded","section":"Shading Mode"},"sceneLighting":false,"audioPlay":false,"sceneViewState":{"showFog":true,"showMaterialUpdate":false,"showSkybox":false,"showFlares":true,"showImageEffects":true,"showParticleSystems":true,"showVisualEffectGraphs":true,"m_FxEnabled":true},"in2DMode":false,"pivot":{"x":-1.4541690349578858,"y":1.5212223529815674,"z":-0.05427999794483185},"rotation":{"x":0.019933165982365609,"y":-0.9798130393028259,"z":0.13792376220226289,"w":0.14357224106788636},"size":2.268460512161255,"orthographic":false}