{"cameraMode":{"drawMode":0,"name":"Shaded","section":"Shading Mode"},"sceneLighting":false,"audioPlay":false,"sceneViewState":{"showFog":true,"showMaterialUpdate":false,"showSkybox":false,"showFlares":true,"showImageEffects":true,"showParticleSystems":true,"showVisualEffectGraphs":true,"m_FxEnabled":true},"in2DMode":false,"pivot":{"x":-2.2351741790771485e-7,"y":1.8073186874389649,"z":0.09749716520309448},"rotation":{"x":0.1416410356760025,"y":-0.09517640620470047,"z":0.01395263709127903,"w":0.9852655529975891},"size":0.27795782685279848,"orthographic":false}