{"cameraMode":{"drawMode":0,"name":"Shaded","section":"Shading Mode"},"sceneLighting":false,"audioPlay":false,"sceneViewState":{"showFog":true,"showMaterialUpdate":false,"showSkybox":false,"showFlares":true,"showImageEffects":true,"showParticleSystems":true,"showVisualEffectGraphs":true,"m_FxEnabled":true},"in2DMode":false,"pivot":{"x":-0.1480465680360794,"y":1.4301996231079102,"z":-0.5542289018630981},"rotation":{"x":0.06474485248327255,"y":0.02811569720506668,"z":-0.0015637556789442897,"w":0.9975334405899048},"size":2.1892268657684328,"orthographic":false}