{"cameraMode":{"drawMode":0,"name":"Shaded","section":"Shading Mode"},"sceneLighting":false,"audioPlay":false,"sceneViewState":{"showFog":true,"showMaterialUpdate":false,"showSkybox":false,"showFlares":true,"showImageEffects":true,"showParticleSystems":true,"showVisualEffectGraphs":true,"m_FxEnabled":true},"in2DMode":false,"pivot":{"x":44.511714935302737,"y":7.856295108795166,"z":-56.989723205566409},"rotation":{"x":0.011068569496273995,"y":0.3447019159793854,"z":0.0037802476435899736,"w":-0.9386724233627319},"size":0.923093318939209,"orthographic":false}