{"cameraMode":{"drawMode":0,"name":"Shaded","section":"Shading Mode"},"sceneLighting":false,"audioPlay":false,"sceneViewState":{"showFog":true,"showMaterialUpdate":false,"showSkybox":false,"showFlares":true,"showImageEffects":true,"showParticleSystems":true,"showVisualEffectGraphs":true,"m_FxEnabled":true},"in2DMode":false,"pivot":{"x":9.048816680908204,"y":9.986109733581543,"z":1.0369380712509156},"rotation":{"x":0.00013887591194361448,"y":-0.9996028542518616,"z":0.01680785045027733,"w":0.02395661734044552},"size":1.7853572368621827,"orthographic":false}