{"cameraMode":{"drawMode":0,"name":"Shaded","section":"Shading Mode"},"sceneLighting":false,"audioPlay":false,"sceneViewState":{"showFog":true,"showMaterialUpdate":false,"showSkybox":false,"showFlares":true,"showImageEffects":true,"showParticleSystems":true,"showVisualEffectGraphs":true,"m_FxEnabled":true},"in2DMode":false,"pivot":{"x":0.06068801134824753,"y":0.3000001907348633,"z":2.086162567138672e-7},"rotation":{"x":0.1416410356760025,"y":-0.09517640620470047,"z":0.01395263709127903,"w":0.9852655529975891},"size":0.42858242988586428,"orthographic":false}