{"cameraMode":{"drawMode":0,"name":"Shaded","section":"Shading Mode"},"sceneLighting":false,"audioPlay":false,"sceneViewState":{"showFog":true,"showMaterialUpdate":false,"showSkybox":false,"showFlares":true,"showImageEffects":true,"showParticleSystems":true,"showVisualEffectGraphs":true,"m_FxEnabled":true},"in2DMode":false,"pivot":{"x":-0.23381352424621583,"y":0.576276957988739,"z":-0.3240402936935425},"rotation":{"x":0.019933165982365609,"y":-0.9798130393028259,"z":0.13792376220226289,"w":0.14357224106788636},"size":1.4836031198501588,"orthographic":false}