{"cameraMode":{"drawMode":0,"name":"Shaded","section":"Shading Mode"},"sceneLighting":false,"audioPlay":false,"sceneViewState":{"showFog":true,"showMaterialUpdate":false,"showSkybox":false,"showFlares":true,"showImageEffects":true,"showParticleSystems":true,"showVisualEffectGraphs":true,"m_FxEnabled":true},"in2DMode":false,"pivot":{"x":-0.12512674927711488,"y":0.04391980171203613,"z":-0.015608072280883789},"rotation":{"x":0.13084053993225099,"y":-0.12487126141786576,"z":0.016884639859199525,"w":0.983394980430603},"size":1.0865163803100587,"orthographic":false}