{"cameraMode":{"drawMode":0,"name":"Shaded","section":"Shading Mode"},"sceneLighting":false,"audioPlay":false,"sceneViewState":{"showFog":true,"showMaterialUpdate":false,"showSkybox":false,"showFlares":true,"showImageEffects":true,"showParticleSystems":true,"showVisualEffectGraphs":true,"m_FxEnabled":true},"in2DMode":false,"pivot":{"x":0.021349743008613588,"y":0.23354750871658326,"z":-0.01387980580329895},"rotation":{"x":0.03645370900630951,"y":-0.6509621739387512,"z":0.03167102113366127,"w":0.7576146721839905},"size":0.3893369436264038,"orthographic":false}