{"cameraMode":{"drawMode":0,"name":"Shaded","section":"Shading Mode"},"sceneLighting":false,"audioPlay":false,"sceneViewState":{"showFog":true,"showMaterialUpdate":false,"showSkybox":false,"showFlares":true,"showImageEffects":true,"showParticleSystems":true,"showVisualEffectGraphs":true,"m_FxEnabled":true},"in2DMode":false,"pivot":{"x":6.090707302093506,"y":12.292890548706055,"z":-2.331907033920288},"rotation":{"x":0.00013887591194361448,"y":-0.9996028542518616,"z":0.01680785045027733,"w":0.02395661734044552},"size":2.0180437564849855,"orthographic":false}