{"cameraMode":{"drawMode":0,"name":"Shaded","section":"Shading Mode"},"sceneLighting":true,"audioPlay":false,"sceneViewState":{"showFog":true,"showMaterialUpdate":false,"showSkybox":true,"showFlares":true,"showImageEffects":true,"showParticleSystems":true,"showVisualEffectGraphs":true,"m_FxEnabled":true},"in2DMode":false,"pivot":{"x":1.756035566329956,"y":3.0760629177093508,"z":8.952363967895508},"rotation":{"x":-0.021207615733146669,"y":-0.10323838889598847,"z":0.0020345665980130436,"w":-0.9944403767585754},"size":3.1555473804473879,"orthographic":false}