{"cameraMode":{"drawMode":0,"name":"Shaded","section":"Shading Mode"},"sceneLighting":false,"audioPlay":false,"sceneViewState":{"showFog":true,"showMaterialUpdate":false,"showSkybox":false,"showFlares":true,"showImageEffects":true,"showParticleSystems":true,"showVisualEffectGraphs":true,"m_FxEnabled":true},"in2DMode":false,"pivot":{"x":-0.004756450653076172,"y":-0.13455072045326234,"z":0.0019173622131347657},"rotation":{"x":0.42319968342781069,"y":-0.06803426891565323,"z":0.03220629319548607,"w":0.9029465317726135},"size":4.033216953277588,"orthographic":false}