{"cameraMode":{"drawMode":0,"name":"Shaded","section":"Shading Mode"},"sceneLighting":false,"audioPlay":false,"sceneViewState":{"showFog":true,"showMaterialUpdate":false,"showSkybox":false,"showFlares":true,"showImageEffects":true,"showParticleSystems":true,"showVisualEffectGraphs":true,"m_FxEnabled":true},"in2DMode":false,"pivot":{"x":-0.6988234519958496,"y":0.45120513439178469,"z":1.2997117042541505},"rotation":{"x":0.019933165982365609,"y":-0.9798130393028259,"z":0.13792376220226289,"w":0.14357224106788636},"size":1.6234995126724244,"orthographic":false}