{"cameraMode":{"drawMode":0,"name":"Shaded","section":"Shading Mode"},"sceneLighting":false,"audioPlay":false,"sceneViewState":{"showFog":true,"showMaterialUpdate":false,"showSkybox":false,"showFlares":true,"showImageEffects":true,"showParticleSystems":true,"showVisualEffectGraphs":true,"m_FxEnabled":true},"in2DMode":false,"pivot":{"x":0.034721583127975467,"y":0.3677944540977478,"z":2.980232238769531e-7},"rotation":{"x":0.1416410356760025,"y":-0.09517640620470047,"z":0.01395263709127903,"w":0.9852655529975891},"size":0.48342379927635195,"orthographic":false}