{"cameraMode":{"drawMode":0,"name":"Shaded","section":"Shading Mode"},"sceneLighting":false,"audioPlay":false,"sceneViewState":{"showFog":true,"showMaterialUpdate":false,"showSkybox":false,"showFlares":true,"showImageEffects":true,"showParticleSystems":true,"showVisualEffectGraphs":true,"m_FxEnabled":true},"in2DMode":false,"pivot":{"x":2.754176378250122,"y":11.707551002502442,"z":-5.714690208435059},"rotation":{"x":0.00004106463893549517,"y":0.9998071789741516,"z":-0.016808664426207544,"w":-0.012869169004261494},"size":2.0180437564849855,"orthographic":false}