{"cameraMode":{"drawMode":0,"name":"Shaded","section":"Shading Mode"},"sceneLighting":false,"audioPlay":false,"sceneViewState":{"showFog":true,"showMaterialUpdate":false,"showSkybox":false,"showFlares":true,"showImageEffects":true,"showParticleSystems":true,"showVisualEffectGraphs":true,"m_FxEnabled":true},"in2DMode":false,"pivot":{"x":0.0000011920928955078126,"y":0.42736053466796877,"z":-0.0012385547161102296},"rotation":{"x":0.1416410356760025,"y":-0.09517640620470047,"z":0.01395263709127903,"w":0.9852655529975891},"size":0.5819420218467712,"orthographic":false}