{"cameraMode":{"drawMode":0,"name":"Shaded","section":"Shading Mode"},"sceneLighting":false,"audioPlay":false,"sceneViewState":{"showFog":true,"showMaterialUpdate":false,"showSkybox":false,"showFlares":true,"showImageEffects":true,"showParticleSystems":true,"showVisualEffectGraphs":true,"m_FxEnabled":true},"in2DMode":false,"pivot":{"x":-2.1172327995300295,"y":1.8683631420135499,"z":-1.0531156063079835},"rotation":{"x":0.012055961415171624,"y":-0.8425363898277283,"z":0.019359977915883066,"w":0.5382139086723328},"size":2.3184046745300295,"orthographic":false}